CAGGCAGCAGTATGGGAACTT	1211.75424078516	63.3732884042126	CAGGCAGCAGTATGGGAACTT	1211.75424078516	63.3732884042126
CAGGCAGCAGTATGGGAACTT	1211.75424078516	63.3732884042126	CAGGCAGCAGTATGGGAACTT	1211.75424078516	63.3732884042126
CAGGCAGCAGTATGGGAACTT	1211.75424078516	63.3732884042126	CAGGCAGCAGTATGGGAACTT	1211.75424078516	63.3732884042126
AGGCAGCAGTATGGGAACTTC	1211.75424078516	63.3732884042126	CAGGCAGCAGTATGGGAACTT	1211.75424078516	63.3732884042126
TGAGGTTGGTTCTAAATCACC	849.674330643406	59.4685264994507	TGAGGTTGGTTCTAAATCACC	849.674330643406	59.4685264994507
ATTTTATTGAAATCATCTCAC	732.531473500549	51.6590026899269	ATTTTATTGAAATCATCTCAC	732.531473500549	51.6590026899269
GTACTACCACACAACTGATCT	324.674330643407	59.4685264994507	GTACTACCACACAACTGATCT	324.674330643407	59.4685264994507
GTACTACCACACAACTGATCT	324.674330643407	59.4685264994507	GTACTACCACACAACTGATCT	324.674330643407	59.4685264994507
TTATTTTGGCATCTTTTTTTG	735.531473500549	51.6590026899269	GTACTACCACACAACTGATCT	324.674330643407	59.4685264994507
GTACTACCACACAACTGATCT	324.674330643407	59.4685264994507	GTACTACCACACAACTGATCT	324.674330643407	59.4685264994507
TGAGGTTGGTTCTAAATCACC	849.674330643406	59.4685264994507	GTACTACCACACAACTGATCT	324.674330643407	59.4685264994507
AGGTTTACACCTTCCCAGGTA	702.801859832784	61.4209074518316	GTACTACCACACAACTGATCT	324.674330643407	59.4685264994507
GCTTTTGTGGAAACTGTTAAA	1210.10290207198	55.5637645946888	GTACTACCACACAACTGATCT	324.674330643407	59.4685264994507
AGGTTTACACCTTCCCAGGTA	702.801859832784	61.4209074518316	GTACTACCACACAACTGATCT	324.674330643407	59.4685264994507
AGGTTTACACCTTCCCAGGTA	702.801859832784	61.4209074518316	GTACTACCACACAACTGATCT	324.674330643407	59.4685264994507
AGGTTTACACCTTCCCAGGTA	702.801859832784	61.4209074518316	GTACTACCACACAACTGATCT	324.674330643407	59.4685264994507
AGGTTTACACCTTCCCAGGTA	702.801859832784	61.4209074518316	GTACTACCACACAACTGATCT	324.674330643407	59.4685264994507
AGGTTTACACCTTCCCAGGTA	702.801859832784	61.4209074518316	GTACTACCACACAACTGATCT	324.674330643407	59.4685264994507
GGGTGTTAAACAAACCAACCA	705.674330643406	59.4685264994507	GTACTACCACACAACTGATCT	324.674330643407	59.4685264994507
GGGTGTTAAACAAACCAACCA	705.674330643406	59.4685264994507	GTACTACCACACAACTGATCT	324.674330643407	59.4685264994507
GGGTGTTAAACAAACCAACCA	705.674330643406	59.4685264994507	GTACTACCACACAACTGATCT	324.674330643407	59.4685264994507
GGGTGTTAAACAAACCAACCA	705.674330643406	59.4685264994507	GTACTACCACACAACTGATCT	324.674330643407	59.4685264994507
GGGTGTTAAACAAACCAACCA	705.674330643406	59.4685264994507	GTACTACCACACAACTGATCT	324.674330643407	59.4685264994507
GGGTGTTAAACAAACCAACCA	705.674330643406	59.4685264994507	GTACTACCACACAACTGATCT	324.674330643407	59.4685264994507
GGGTGTTAAACAAACCAACCA	705.674330643406	59.4685264994507	GTACTACCACACAACTGATCT	324.674330643407	59.4685264994507
GGGTGTTAAACAAACCAACCA	705.674330643406	59.4685264994507	GTACTACCACACAACTGATCT	324.674330643407	59.4685264994507
GGGTGTTAAACAAACCAACCA	705.674330643406	59.4685264994507	GTACTACCACACAACTGATCT	324.674330643407	59.4685264994507
GGGTGTTAAACAAACCAACCA	705.674330643406	59.4685264994507	GTACTACCACACAACTGATCT	324.674330643407	59.4685264994507
GGGTGTTAAACAAACCAACCA	705.674330643406	59.4685264994507	GTACTACCACACAACTGATCT	324.674330643407	59.4685264994507
GGGTGTTAAACAAACCAACCA	705.674330643406	59.4685264994507	GTACTACCACACAACTGATCT	324.674330643407	59.4685264994507
GGGTGTTAAACAAACCAACCA	705.674330643406	59.4685264994507	GTACTACCACACAACTGATCT	324.674330643407	59.4685264994507
GGGTGTTAAACAAACCAACCA	705.674330643406	59.4685264994507	GTACTACCACACAACTGATCT	324.674330643407	59.4685264994507
GGGTGTTAAACAAACCAACCA	705.674330643406	59.4685264994507	GTACTACCACACAACTGATCT	324.674330643407	59.4685264994507
GGGTGTTAAACAAACCAACCA	705.674330643406	59.4685264994507	GTACTACCACACAACTGATCT	324.674330643407	59.4685264994507
GGGTGTTAAACAAACCAACCA	705.674330643406	59.4685264994507	GTACTACCACACAACTGATCT	324.674330643407	59.4685264994507
GGGTGTTAAACAAACCAACCA	705.674330643406	59.4685264994507	GTACTACCACACAACTGATCT	324.674330643407	59.4685264994507
GGGTGTTAAACAAACCAACCA	705.674330643406	59.4685264994507	GTACTACCACACAACTGATCT	324.674330643407	59.4685264994507
TCCCAGGYAACAAACCAACCA	701.801859832784	61.4209074518316	GTACTACCACACAACTGATCT	324.674330643407	59.4685264994507
GGGTGTTAAACAAACCAACCA	705.674330643406	59.4685264994507	GTACTACCACACAACTGATCT	324.674330643407	59.4685264994507
GGGTGTTAAACAAACCAACCA	705.674330643406	59.4685264994507	GTACTACCACACAACTGATCT	324.674330643407	59.4685264994507
GGGTGTTAAACAAACCAACCA	705.674330643406	59.4685264994507	GTACTACCACACAACTGATCT	324.674330643407	59.4685264994507
GGGTGTTAAACAAACCAACCA	705.674330643406	59.4685264994507	GTACTACCACACAACTGATCT	324.674330643407	59.4685264994507
GGGTGTTAAACAAACCAACCA	705.674330643406	59.4685264994507	GTACTACCACACAACTGATCT	324.674330643407	59.4685264994507
GGGTGTTAAACAAACCAACCA	705.674330643406	59.4685264994507	GTACTACCACACAACTGATCT	324.674330643407	59.4685264994507
GGGTGTTAAACAAACCAACCA	705.674330643406	59.4685264994507	GTACTACCACACAACTGATCT	324.674330643407	59.4685264994507
GGGTGTTAAACAAACCAACCA	705.674330643406	59.4685264994507	GTACTACCACACAACTGATCT	324.674330643407	59.4685264994507
GGGTGTTAAACAAACCAACCA	705.674330643406	59.4685264994507	GTACTACCACACAACTGATCT	324.674330643407	59.4685264994507
GGGTGTTAAACAAACCAACCA	705.674330643406	59.4685264994507	GTACTACCACACAACTGATCT	324.674330643407	59.4685264994507
GGGTGTTAAACAAACCAACCA	705.674330643406	59.4685264994507	GTACTACCACACAACTGATCT	324.674330643407	59.4685264994507
GTTGATACCTTCCCAGGTAAC	702.801859832784	61.4209074518316	GTACTACCACACAACTGATCT	324.674330643407	59.4685264994507
GTTGATACCTTCCCAGGTAAC	702.801859832784	61.4209074518316	GTACTACCACACAACTGATCT	324.674330643407	59.4685264994507
GTTGATACCTTCCCAGGTAAC	702.801859832784	61.4209074518316	GTACTACCACACAACTGATCT	324.674330643407	59.4685264994507
GTTGATACCTTCCCAGGTAAC	702.801859832784	61.4209074518316	GTACTACCACACAACTGATCT	324.674330643407	59.4685264994507
GTTGATACCTTCCCAGGTAAC	702.801859832784	61.4209074518316	GTACTACCACACAACTGATCT	324.674330643407	59.4685264994507
GTTGATACCTTCCCAGGTAAC	702.801859832784	61.4209074518316	GTACTACCACACAACTGATCT	324.674330643407	59.4685264994507
GTTGATACCTTCCCAGGTAAC	702.801859832784	61.4209074518316	GTACTACCACACAACTGATCT	324.674330643407	59.4685264994507
GTTGATACCTTCCCAGGTAAC	702.801859832784	61.4209074518316	GTACTACCACACAACTGATCT	324.674330643407	59.4685264994507
GTTGATACCTTCCCAGGTAAC	702.801859832784	61.4209074518316	GTACTACCACACAACTGATCT	324.674330643407	59.4685264994507
GTTGATACCTTCCCAGGTAAC	702.801859832784	61.4209074518316	GTACTACCACACAACTGATCT	324.674330643407	59.4685264994507
GTTGATACCTTCCCAGGTAAC	702.801859832784	61.4209074518316	GTACTACCACACAACTGATCT	324.674330643407	59.4685264994507
GTTGATACCTTCCCAGGTAAC	702.801859832784	61.4209074518316	GTACTACCACACAACTGATCT	324.674330643407	59.4685264994507
GTTGATACCTTCCCAGGTAAC	702.801859832784	61.4209074518316	GTACTACCACACAACTGATCT	324.674330643407	59.4685264994507
GTTGATACCTTCCCAGGTAAC	702.801859832784	61.4209074518316	GTACTACCACACAACTGATCT	324.674330643407	59.4685264994507
GTTGATACCTTCCCAGGTAAC	702.801859832784	61.4209074518316	GTACTACCACACAACTGATCT	324.674330643407	59.4685264994507
GTTGATACCTTCCCAGGTAAC	702.801859832784	61.4209074518316	GTACTACCACACAACTGATCT	324.674330643407	59.4685264994507
GTTGATACCTTCCCAGGTAAC	702.801859832784	61.4209074518316	GTACTACCACACAACTGATCT	324.674330643407	59.4685264994507
GTTGATACCTTCCCAGGTAAC	702.801859832784	61.4209074518316	GTACTACCACACAACTGATCT	324.674330643407	59.4685264994507
GTTGATACCTTCCCAGGTAAC	702.801859832784	61.4209074518316	GTACTACCACACAACTGATCT	324.674330643407	59.4685264994507
GTTGATACCTTCCCAGGTAAC	702.801859832784	61.4209074518316	GTACTACCACACAACTGATCT	324.674330643407	59.4685264994507
GTTGATACCTTCCCAGGTAAC	702.801859832784	61.4209074518316	GTACTACCACACAACTGATCT	324.674330643407	59.4685264994507
GTTGATACCTTCCCAGGTAAC	702.801859832784	61.4209074518316	GTACTACCACACAACTGATCT	324.674330643407	59.4685264994507
GTTGATACCTTCCCAGGTAAC	702.801859832784	61.4209074518316	GTACTACCACACAACTGATCT	324.674330643407	59.4685264994507
GTTGATACCTTCCCAGGTAAC	702.801859832784	61.4209074518316	GTACTACCACACAACTGATCT	324.674330643407	59.4685264994507
GTTGATACCTTCCCAGGTAAC	702.801859832784	61.4209074518316	GTACTACCACACAACTGATCT	324.674330643407	59.4685264994507
GTTGATACCTTCCCAGGTAAC	702.801859832784	61.4209074518316	GTACTACCACACAACTGATCT	324.674330643407	59.4685264994507
GTTGATACCTTCCCAGGTAAC	702.801859832784	61.4209074518316	GTACTACCACACAACTGATCT	324.674330643407	59.4685264994507
GTTGATACCTTCCCAGGTAAC	702.801859832784	61.4209074518316	GTACTACCACACAACTGATCT	324.674330643407	59.4685264994507
GTTGATACCTTCCCAGGTAAC	702.801859832784	61.4209074518316	GTACTACCACACAACTGATCT	324.674330643407	59.4685264994507
GTTGATACCTTCCCAGGTAAC	702.801859832784	61.4209074518316	GTACTACCACACAACTGATCT	324.674330643407	59.4685264994507
GTTGATACCTTCCCAGGTAAC	702.801859832784	61.4209074518316	GTACTACCACACAACTGATCT	324.674330643407	59.4685264994507
GTTGATACCTTCCCAGGTAAC	702.801859832784	61.4209074518316	GTACTACCACACAACTGATCT	324.674330643407	59.4685264994507
GTTGATACCTTCCCAGGTAAC	702.801859832784	61.4209074518316	GTACTACCACACAACTGATCT	324.674330643407	59.4685264994507
GTTGATACCTTCCCAGGTAAC	702.801859832784	61.4209074518316	GTACTACCACACAACTGATCT	324.674330643407	59.4685264994507
GTTGATACCTTCCCAGGTAAC	702.801859832784	61.4209074518316	GTACTACCACACAACTGATCT	324.674330643407	59.4685264994507
GTTGATACCTTCCCAGGTAAC	702.801859832784	61.4209074518316	GTACTACCACACAACTGATCT	324.674330643407	59.4685264994507
GTTGATACCTTCCCAGGTAAC	702.801859832784	61.4209074518316	GTACTACCACACAACTGATCT	324.674330643407	59.4685264994507
GTTGATACCTTCCCAGGTAAC	702.801859832784	61.4209074518316	GTACTACCACACAACTGATCT	324.674330643407	59.4685264994507
GTTGATACCTTCCCAGGTAAC	702.801859832784	61.4209074518316	GTACTACCACACAACTGATCT	324.674330643407	59.4685264994507
GTTGATACCTTCCCAGGTAAC	702.801859832784	61.4209074518316	GTACTACCACACAACTGATCT	324.674330643407	59.4685264994507
GTTGATACCTTCCCAGGTAAC	702.801859832784	61.4209074518316	GTACTACCACACAACTGATCT	324.674330643407	59.4685264994507
GTTGATACCTTCCCAGGTAAC	702.801859832784	61.4209074518316	GTACTACCACACAACTGATCT	324.674330643407	59.4685264994507
GTTGATACCTTCCCAGGTAAC	702.801859832784	61.4209074518316	GTACTACCACACAACTGATCT	324.674330643407	59.4685264994507
GTTGATACCTTCCCAGGTAAC	702.801859832784	61.4209074518316	GTACTACCACACAACTGATCT	324.674330643407	59.4685264994507
GTTGATACCTTCCCAGGTAAC	702.801859832784	61.4209074518316	GTACTACCACACAACTGATCT	324.674330643407	59.4685264994507
GTTGATACCTTCCCAGGTAAC	702.801859832784	61.4209074518316	GTACTACCACACAACTGATCT	324.674330643407	59.4685264994507
GTTGATACCTTCCCAGGTAAC	702.801859832784	61.4209074518316	GTACTACCACACAACTGATCT	324.674330643407	59.4685264994507
GTTGATACCTTCCCAGGTAAC	702.801859832784	61.4209074518316	GTACTACCACACAACTGATCT	324.674330643407	59.4685264994507
GTTGATACCTTCCCAGGTAAC	702.801859832784	61.4209074518316	GTACTACCACACAACTGATCT	324.674330643407	59.4685264994507
GTTGATACCTTCCCAGGTAAC	702.801859832784	61.4209074518316	GTACTACCACACAACTGATCT	324.674330643407	59.4685264994507
GTTGATACCTTCCCAGGTAAC	702.801859832784	61.4209074518316	GTACTACCACACAACTGATCT	324.674330643407	59.4685264994507
