ACAAACTAAATGTCTGATAAT	912.531473500549	51.6590026899269	ACAAACTAAATGTCTGATAAT	912.531473500549	51.6590026899269
TAAATGTCTGATAATGGACCC	886.388616357692	57.5161455470697	TAAATGTCTGATAATGGACCC	886.388616357692	57.5161455470697
AGCCTCACTCCCTTTCGGATT	708.754240785165	63.3732884042126	AGCCTCACTCCCTTTCGGATT	708.754240785165	63.3732884042126
CTACCACACAACTGATCTTAG	324.674330643407	59.4685264994507	CTACCACACAACTGATCTTAG	324.674330643407	59.4685264994507
AGCCTCACTCCCTTTCGGATT	708.754240785165	63.3732884042126	CTACCACACAACTGATCTTAG	324.674330643407	59.4685264994507
AAATGTGGTCAACCAAAATGC	168.388616357692	57.5161455470697	AAATGTGGTCAACCAAAATGC	168.388616357692	57.5161455470697
CTACCACACAACTGATCTTAG	324.674330643407	59.4685264994507	AAATGTGGTCAACCAAAATGC	168.388616357692	57.5161455470697
TAATGTGAATGCGTCGTCATC	706.674330643406	59.4685264994507	AAATGTGGTCAACCAAAATGC	168.388616357692	57.5161455470697
CTACCACACAACTGATCTTAG	324.674330643407	59.4685264994507	AAATGTGGTCAACCAAAATGC	168.388616357692	57.5161455470697
CTACCACACAACTGATCTTAG	324.674330643407	59.4685264994507	AAATGTGGTCAACCAAAATGC	168.388616357692	57.5161455470697
AGCCTCACTCCCTTTCGGATT	708.754240785165	63.3732884042126	AAATGTGGTCAACCAAAATGC	168.388616357692	57.5161455470697
ACTTCTTTCTGTTTTTCAGAG	729.102902071978	55.5637645946888	AAATGTGGTCAACCAAAATGC	168.388616357692	57.5161455470697
AGCCTCACTCCCTTTCGGATT	708.754240785165	63.3732884042126	AAATGTGGTCAACCAAAATGC	168.388616357692	57.5161455470697
ATCAGCGAAATACACCCCGCA	714.754240785165	63.3732884042126	AAATGTGGTCAACCAAAATGC	168.388616357692	57.5161455470697
AACTTTCCCACCAACAGAGCC	705.754240785165	63.3732884042126	AAATGTGGTCAACCAAAATGC	168.388616357692	57.5161455470697
GCCTTAAATTCCCTCGAGGAC	102.754240785165	63.3732884042126	GCCTTAAATTCCCTCGAGGAC	102.754240785165	63.3732884042126
TTTTGATAAAAGTGCCTTTGT	725.817187786264	53.6113836423078	GCCTTAAATTCCCTCGAGGAC	102.754240785165	63.3732884042126
TTTTGATAAAAGTGCCTTTGT	725.817187786264	53.6113836423078	GCCTTAAATTCCCTCGAGGAC	102.754240785165	63.3732884042126
TTTTGATAAAAGTGCCTTTGT	725.817187786264	53.6113836423078	GCCTTAAATTCCCTCGAGGAC	102.754240785165	63.3732884042126
ACTCTGACAGTCTATGTGAGT	707.674330643406	59.4685264994507	GCCTTAAATTCCCTCGAGGAC	102.754240785165	63.3732884042126
TTATAATGGACCCCAAAATCA	854.102902071978	55.5637645946888	GCCTTAAATTCCCTCGAGGAC	102.754240785165	63.3732884042126
TTATAATGGACCCCAAAATCA	854.102902071978	55.5637645946888	GCCTTAAATTCCCTCGAGGAC	102.754240785165	63.3732884042126
TTATAATGGACCCCAAAATCA	854.102902071978	55.5637645946888	GCCTTAAATTCCCTCGAGGAC	102.754240785165	63.3732884042126
CAAAGTCAGCGAGATGCACCC	712.468526499451	65.3256693565935	GCCTTAAATTCCCTCGAGGAC	102.754240785165	63.3732884042126
TACCAGTGGTTTACCGCAAGG	704.754240785165	63.3732884042126	GCCTTAAATTCCCTCGAGGAC	102.754240785165	63.3732884042126
CAAAGTCAGCGAGATGCACCC	712.468526499451	65.3256693565935	GCCTTAAATTCCCTCGAGGAC	102.754240785165	63.3732884042126
CAAAGTCAGCGAGATGCACCC	712.468526499451	65.3256693565935	GCCTTAAATTCCCTCGAGGAC	102.754240785165	63.3732884042126
CAAAGTCAGCGAGATGCACCC	712.468526499451	65.3256693565935	GCCTTAAATTCCCTCGAGGAC	102.754240785165	63.3732884042126
CAAAGTCAGCGAGATGCACCC	712.468526499451	65.3256693565935	GCCTTAAATTCCCTCGAGGAC	102.754240785165	63.3732884042126
CAAAGTCAGCGAGATGCACCC	712.468526499451	65.3256693565935	GCCTTAAATTCCCTCGAGGAC	102.754240785165	63.3732884042126
CAAAGTCAGCGAGATGCACCC	712.468526499451	65.3256693565935	GCCTTAAATTCCCTCGAGGAC	102.754240785165	63.3732884042126
CAAAGTCAGCGAGATGCACCC	712.468526499451	65.3256693565935	GCCTTAAATTCCCTCGAGGAC	102.754240785165	63.3732884042126
CAAAGTCAGCGAGATGCACCC	712.468526499451	65.3256693565935	GCCTTAAATTCCCTCGAGGAC	102.754240785165	63.3732884042126
CAAAGTCAGCGAGATGCACCC	712.468526499451	65.3256693565935	GCCTTAAATTCCCTCGAGGAC	102.754240785165	63.3732884042126
CAAAGTCAGCGAGATGCACCC	712.468526499451	65.3256693565935	GCCTTAAATTCCCTCGAGGAC	102.754240785165	63.3732884042126
CAAAGTCAGCGAGATGCACCC	712.468526499451	65.3256693565935	GCCTTAAATTCCCTCGAGGAC	102.754240785165	63.3732884042126
CAAAGTCAGCGAGATGCACCC	712.468526499451	65.3256693565935	GCCTTAAATTCCCTCGAGGAC	102.754240785165	63.3732884042126
CAAAGTCAGCGAGATGCACCC	712.468526499451	65.3256693565935	GCCTTAAATTCCCTCGAGGAC	102.754240785165	63.3732884042126
CAAAGTCAGCGAGATGCACCC	712.468526499451	65.3256693565935	GCCTTAAATTCCCTCGAGGAC	102.754240785165	63.3732884042126
CAAAGTCAGCGAGATGCACCC	712.468526499451	65.3256693565935	GCCTTAAATTCCCTCGAGGAC	102.754240785165	63.3732884042126
CAAAGTCAGCGAGATGCACCC	712.468526499451	65.3256693565935	GCCTTAAATTCCCTCGAGGAC	102.754240785165	63.3732884042126
CAAAGTCAGCGAGATGCACCC	712.468526499451	65.3256693565935	GCCTTAAATTCCCTCGAGGAC	102.754240785165	63.3732884042126
CAAAGTCAGCGAGATGCACCC	712.468526499451	65.3256693565935	GCCTTAAATTCCCTCGAGGAC	102.754240785165	63.3732884042126
CAAAGTCAGCGAGATGCACCC	712.468526499451	65.3256693565935	GCCTTAAATTCCCTCGAGGAC	102.754240785165	63.3732884042126
CAAAGTCAGCGAGATGCACCC	712.468526499451	65.3256693565935	GCCTTAAATTCCCTCGAGGAC	102.754240785165	63.3732884042126
CAAAGTCAGCGAGATGCACCC	712.468526499451	65.3256693565935	GCCTTAAATTCCCTCGAGGAC	102.754240785165	63.3732884042126
CAAAGTCAGCGAGATGCACCC	712.468526499451	65.3256693565935	GCCTTAAATTCCCTCGAGGAC	102.754240785165	63.3732884042126
CAAAGTCAGCGAGATGCACCC	712.468526499451	65.3256693565935	GCCTTAAATTCCCTCGAGGAC	102.754240785165	63.3732884042126
CAAAGTCAGCGAGATGCACCC	712.468526499451	65.3256693565935	GCCTTAAATTCCCTCGAGGAC	102.754240785165	63.3732884042126
CAAAGTCAGCGAGATGCACCC	712.468526499451	65.3256693565935	GCCTTAAATTCCCTCGAGGAC	102.754240785165	63.3732884042126
CAAAGTCAGCGAGATGCACCC	712.468526499451	65.3256693565935	GCCTTAAATTCCCTCGAGGAC	102.754240785165	63.3732884042126
CAAAGTCAGCGAGATGCACCC	712.468526499451	65.3256693565935	GCCTTAAATTCCCTCGAGGAC	102.754240785165	63.3732884042126
CAAAGTCAGCGAGATGCACCC	712.468526499451	65.3256693565935	GCCTTAAATTCCCTCGAGGAC	102.754240785165	63.3732884042126
CAAAGTCAGCGAGATGCACCC	712.468526499451	65.3256693565935	GCCTTAAATTCCCTCGAGGAC	102.754240785165	63.3732884042126
CAAAGTCAGCGAGATGCACCC	712.468526499451	65.3256693565935	GCCTTAAATTCCCTCGAGGAC	102.754240785165	63.3732884042126
CAAAGTCAGCGAGATGCACCC	712.468526499451	65.3256693565935	GCCTTAAATTCCCTCGAGGAC	102.754240785165	63.3732884042126
CAAAGTCAGCGAGATGCACCC	712.468526499451	65.3256693565935	GCCTTAAATTCCCTCGAGGAC	102.754240785165	63.3732884042126
CAAAGTCAGCGAGATGCACCC	712.468526499451	65.3256693565935	GCCTTAAATTCCCTCGAGGAC	102.754240785165	63.3732884042126
CAAAGTCAGCGAGATGCACCC	712.468526499451	65.3256693565935	GCCTTAAATTCCCTCGAGGAC	102.754240785165	63.3732884042126
CAAAGTCAGCGAGATGCACCC	712.468526499451	65.3256693565935	GCCTTAAATTCCCTCGAGGAC	102.754240785165	63.3732884042126
CAAAGTCAGCGAGATGCACCC	712.468526499451	65.3256693565935	GCCTTAAATTCCCTCGAGGAC	102.754240785165	63.3732884042126
CAAAGTCAGCGAGATGCACCC	712.468526499451	65.3256693565935	GCCTTAAATTCCCTCGAGGAC	102.754240785165	63.3732884042126
TCTGATAATGGACCCCAAAGT	707.674330643406	59.4685264994507	GCCTTAAATTCCCTCGAGGAC	102.754240785165	63.3732884042126
TCTGATAATGGACCCCAAAGT	707.674330643406	59.4685264994507	GCCTTAAATTCCCTCGAGGAC	102.754240785165	63.3732884042126
TCTGATAATGGACCCCAAAGT	707.674330643406	59.4685264994507	GCCTTAAATTCCCTCGAGGAC	102.754240785165	63.3732884042126
TCTGATAATGGACCCCAAAGT	707.674330643406	59.4685264994507	GCCTTAAATTCCCTCGAGGAC	102.754240785165	63.3732884042126
TCTGATAATGGACCCCAAAGT	707.674330643406	59.4685264994507	GCCTTAAATTCCCTCGAGGAC	102.754240785165	63.3732884042126
TCTGATAATGGACCCCAAAGT	707.674330643406	59.4685264994507	GCCTTAAATTCCCTCGAGGAC	102.754240785165	63.3732884042126
TCTGATAATGGACCCCAAAGT	707.674330643406	59.4685264994507	GCCTTAAATTCCCTCGAGGAC	102.754240785165	63.3732884042126
TCTGATAATGGACCCCAAAGT	707.674330643406	59.4685264994507	GCCTTAAATTCCCTCGAGGAC	102.754240785165	63.3732884042126
TCTGATAATGGACCCCAAAGT	707.674330643406	59.4685264994507	GCCTTAAATTCCCTCGAGGAC	102.754240785165	63.3732884042126
TCTGATAATGGACCCCAAAGT	707.674330643406	59.4685264994507	GCCTTAAATTCCCTCGAGGAC	102.754240785165	63.3732884042126
TCTGATAATGGACCCCAAAGT	707.674330643406	59.4685264994507	GCCTTAAATTCCCTCGAGGAC	102.754240785165	63.3732884042126
TCTGATAATGGACCCCAAAGT	707.674330643406	59.4685264994507	GCCTTAAATTCCCTCGAGGAC	102.754240785165	63.3732884042126
TCTGATAATGGACCCCAAAGT	707.674330643406	59.4685264994507	GCCTTAAATTCCCTCGAGGAC	102.754240785165	63.3732884042126
TCTGATAATGGACCCCAAAGT	707.674330643406	59.4685264994507	GCCTTAAATTCCCTCGAGGAC	102.754240785165	63.3732884042126
TCTGATAATGGACCCCAAAGT	707.674330643406	59.4685264994507	GCCTTAAATTCCCTCGAGGAC	102.754240785165	63.3732884042126
TCTGATAATGGACCCCAAAGT	707.674330643406	59.4685264994507	GCCTTAAATTCCCTCGAGGAC	102.754240785165	63.3732884042126
TCTGATAATGGACCCCAAAGT	707.674330643406	59.4685264994507	GCCTTAAATTCCCTCGAGGAC	102.754240785165	63.3732884042126
TCTGATAATGGACCCCAAAGT	707.674330643406	59.4685264994507	GCCTTAAATTCCCTCGAGGAC	102.754240785165	63.3732884042126
TCTGATAATGGACCCCAAAGT	707.674330643406	59.4685264994507	GCCTTAAATTCCCTCGAGGAC	102.754240785165	63.3732884042126
TCTGATAATGGACCCCAAAGT	707.674330643406	59.4685264994507	GCCTTAAATTCCCTCGAGGAC	102.754240785165	63.3732884042126
TCTGATAATGGACCCCAAAGT	707.674330643406	59.4685264994507	GCCTTAAATTCCCTCGAGGAC	102.754240785165	63.3732884042126
TCTGATAATGGACCCCAAAGT	707.674330643406	59.4685264994507	GCCTTAAATTCCCTCGAGGAC	102.754240785165	63.3732884042126
TCTGATAATGGACCCCAAAGT	707.674330643406	59.4685264994507	GCCTTAAATTCCCTCGAGGAC	102.754240785165	63.3732884042126
TCTGATAATGGACCCCAAAGT	707.674330643406	59.4685264994507	GCCTTAAATTCCCTCGAGGAC	102.754240785165	63.3732884042126
TCTGATAATGGACCCCAAAGT	707.674330643406	59.4685264994507	GCCTTAAATTCCCTCGAGGAC	102.754240785165	63.3732884042126
TCTGATAATGGACCCCAAAGT	707.674330643406	59.4685264994507	GCCTTAAATTCCCTCGAGGAC	102.754240785165	63.3732884042126
TCTGATAATGGACCCCAAAGT	707.674330643406	59.4685264994507	GCCTTAAATTCCCTCGAGGAC	102.754240785165	63.3732884042126
TCTGATAATGGACCCCAAAGT	707.674330643406	59.4685264994507	GCCTTAAATTCCCTCGAGGAC	102.754240785165	63.3732884042126
TCTGATAATGGACCCCAAAGT	707.674330643406	59.4685264994507	GCCTTAAATTCCCTCGAGGAC	102.754240785165	63.3732884042126
TCTGATAATGGACCCCAAAGT	707.674330643406	59.4685264994507	GCCTTAAATTCCCTCGAGGAC	102.754240785165	63.3732884042126
TCTGATAATGGACCCCAAAGT	707.674330643406	59.4685264994507	GCCTTAAATTCCCTCGAGGAC	102.754240785165	63.3732884042126
TCTGATAATGGACCCCAAAGT	707.674330643406	59.4685264994507	GCCTTAAATTCCCTCGAGGAC	102.754240785165	63.3732884042126
AGGAAGGCCTTAAATTCCCTC	100.801859832784	61.4209074518316	AGGAAGGCCTTAAATTCCCTC	100.801859832784	61.4209074518316
AGGAAGGCCTTAAATTCCCTC	100.801859832784	61.4209074518316	AGGAAGGCCTTAAATTCCCTC	100.801859832784	61.4209074518316
AGGAAGGCCTTAAATTCCCTC	100.801859832784	61.4209074518316	AGGAAGGCCTTAAATTCCCTC	100.801859832784	61.4209074518316
AGGAAGGCCTTAAATTCCCTC	100.801859832784	61.4209074518316	AGGAAGGCCTTAAATTCCCTC	100.801859832784	61.4209074518316
AGGAAGGCCTTAAATTCCCTC	100.801859832784	61.4209074518316	AGGAAGGCCTTAAATTCCCTC	100.801859832784	61.4209074518316
AGGAAGGCCTTAAATTCCCTC	100.801859832784	61.4209074518316	AGGAAGGCCTTAAATTCCCTC	100.801859832784	61.4209074518316
